{"pia":{"status":2,"is_example":0,"is_archive":0,"created_at":"2025-10-16T16:26:38.044Z","name":"PIA","category":null,"author_name":"Nattan MAISONNEUVE--FLEURY","evaluator_name":"Nattan MAISONNEUVE--FLEURY","validator_name":"Nattan MAISONNEUVE--FLEURY","updated_at":"2025-10-16T17:01:47.602Z","structure_id":"","id":3,"progress":88.75,"dpos_names":"/","dpo_status":1,"dpo_opinion":"/","concerned_people_searched_opinion":false,"concerned_people_searched_content":"/"},"answers":[{"pia_id":3,"reference_to":111,"data":{"text":"<span id=\"docs-internal-guid-13e09397-7fff-98fb-bac0-ee87a77339e4\"><span style=\"font-size: 11pt; font-family: Arial, sans-serif; font-variant-numeric: normal; font-variant-east-asian: normal; vertical-align: baseline; white-space: pre-wrap;\">Le traitement porte sur la collecte, l&rsquo;analyse et le stockage des donn&eacute;es issues d&rsquo;entretiens t&eacute;l&eacute;phoniques r&eacute;alis&eacute;s dans le cadre d&rsquo;&eacute;tudes de march&eacute;.</span></span>","gauge":null,"list":[]},"created_at":"2025-10-16T16:27:01.986Z","id":73},{"pia_id":3,"reference_to":112,"data":{"text":"<span id=\"docs-internal-guid-994bae3a-7fff-a931-2142-bda18008be15\"><span style=\"font-size: 11pt; font-family: Arial, sans-serif; font-variant-numeric: normal; font-variant-east-asian: normal; vertical-align: baseline; white-space: pre-wrap;\">CentreCall est responsable du traitement des donn&eacute;es pour le compte de clients identifi&eacute;s et doit assurer la protection des droits des personnes interrog&eacute;es.</span><span style=\"font-size: 11pt; font-family: Arial, sans-serif; font-variant-numeric: normal; font-variant-east-asian: normal; vertical-align: baseline; white-space: pre-wrap;\"><br /></span></span>","gauge":null,"list":[]},"created_at":"2025-10-16T16:27:05.737Z","id":74},{"pia_id":3,"reference_to":113,"data":{"text":"<span id=\"docs-internal-guid-f0128c68-7fff-b901-863f-d010ff937c46\"><span style=\"font-size: 11pt; font-family: Arial, sans-serif; font-variant-numeric: normal; font-variant-east-asian: normal; vertical-align: baseline; white-space: pre-wrap;\">Respect du consentement, droit d&rsquo;acc&egrave;s, de rectification, d&rsquo;effacement et d&rsquo;opposition, sans transfert vers des pays hors UE.</span></span>","gauge":null,"list":[]},"created_at":"2025-10-16T16:27:09.708Z","id":75},{"pia_id":3,"reference_to":121,"data":{"text":"<span id=\"docs-internal-guid-dbf1d4e6-7fff-d1a0-8ef0-fba6993d4561\"><span style=\"font-size: 11pt; font-family: Arial, sans-serif; font-variant-numeric: normal; font-variant-east-asian: normal; vertical-align: baseline; white-space: pre-wrap;\">Donn&eacute;es personnelles non anonymes permettant de mieux comprendre les besoins des clients interrog&eacute;s.</span></span>","gauge":null,"list":[]},"created_at":"2025-10-16T16:27:16.036Z","id":76},{"pia_id":3,"reference_to":122,"data":{"text":"<span id=\"docs-internal-guid-c7f7c4a3-7fff-dfb8-2941-fe0a88cb52d0\"><span style=\"font-size: 11pt; font-family: Arial, sans-serif; font-variant-numeric: normal; font-variant-east-asian: normal; vertical-align: baseline; white-space: pre-wrap;\">Collecte apr&egrave;s consentement, analyse, mise &agrave; jour r&eacute;guli&egrave;re, et suppression ou anonymisation en fin de cycle.</span></span>","gauge":null,"list":[]},"created_at":"2025-10-16T16:27:19.528Z","id":77},{"pia_id":3,"reference_to":123,"data":{"text":"<span id=\"docs-internal-guid-a85c0bc1-7fff-f041-b967-ebdeded324d3\"><span style=\"font-size: 11pt; font-family: Arial, sans-serif; font-variant-numeric: normal; font-variant-east-asian: normal; vertical-align: baseline; white-space: pre-wrap;\">Stockage dans des bases de donn&eacute;es s&eacute;curis&eacute;es avec sauvegardes redondantes tous les mois.</span></span>","gauge":null,"list":[]},"created_at":"2025-10-16T16:27:24.716Z","id":78},{"pia_id":3,"reference_to":211,"data":{"text":"<span id=\"docs-internal-guid-fd43b7f9-7fff-0118-43df-8985e6067ef0\"><span style=\"font-size: 11pt; font-family: Arial, sans-serif; font-variant-numeric: normal; font-variant-east-asian: normal; vertical-align: baseline; white-space: pre-wrap;\"> Oui, les donn&eacute;es sont collect&eacute;es pour analyser les besoins des clients dans le cadre d&rsquo;&eacute;tudes de march&eacute;, ce qui est une finalit&eacute; l&eacute;gitime et clairement expliqu&eacute;e.</span></span>","gauge":null,"list":[]},"created_at":"2025-10-16T16:27:31.130Z","id":79},{"pia_id":3,"reference_to":212,"data":{"text":"<span id=\"docs-internal-guid-d06d897a-7fff-1a48-692b-fc426752a174\"><span style=\"font-size: 11pt; font-family: Arial, sans-serif; font-variant-numeric: normal; font-variant-east-asian: normal; vertical-align: baseline; white-space: pre-wrap;\"> Le traitement repose sur le consentement des personnes interrog&eacute;es, donn&eacute; avant le d&eacute;but de l&rsquo;entretien.</span></span>","gauge":null,"list":[]},"created_at":"2025-10-16T16:27:34.814Z","id":80},{"pia_id":3,"reference_to":213,"data":{"text":"<span id=\"docs-internal-guid-30be00e8-7fff-27e0-003f-ebb89242b5cd\"><span style=\"font-size: 11pt; font-family: Arial, sans-serif; font-variant-numeric: normal; font-variant-east-asian: normal; vertical-align: baseline; white-space: pre-wrap;\"> Oui, seules les donn&eacute;es n&eacute;cessaires &agrave; l&rsquo;analyse des besoins des clients sont collect&eacute;es.</span></span>","gauge":null,"list":[]},"created_at":"2025-10-16T16:27:40.082Z","id":81},{"pia_id":3,"reference_to":214,"data":{"text":"<span id=\"docs-internal-guid-6dad96ee-7fff-3c91-390e-2ad5ab6ed1d5\"><span style=\"font-size: 11pt; font-family: Arial, sans-serif; font-variant-numeric: normal; font-variant-east-asian: normal; vertical-align: baseline; white-space: pre-wrap;\"> Oui, un renouvellement des donn&eacute;es est r&eacute;guli&egrave;rement effectu&eacute; lors de chaque &eacute;tude de march&eacute;.</span></span>","gauge":null,"list":[]},"created_at":"2025-10-16T16:27:43.451Z","id":82,"updated_at":"2025-10-16T16:27:46.219Z"},{"pia_id":3,"reference_to":215,"data":{"text":"<span id=\"docs-internal-guid-6e861622-7fff-4951-c57e-df9ff9b98765\"><span style=\"font-size: 11pt; font-family: Arial, sans-serif; font-variant-numeric: normal; font-variant-east-asian: normal; vertical-align: baseline; white-space: pre-wrap;\"> Les donn&eacute;es sont archiv&eacute;es tous les mois sur des supports externes et sauvegard&eacute;es sur plusieurs serveurs.</span></span>","gauge":null,"list":[]},"created_at":"2025-10-16T16:27:48.559Z","id":83},{"pia_id":3,"reference_to":221,"data":{"text":"<span id=\"docs-internal-guid-32de0b1f-7fff-6d61-57fc-a05200928245\"><span style=\"font-size: 11pt; font-family: Arial, sans-serif; font-variant-numeric: normal; font-variant-east-asian: normal; vertical-align: baseline; white-space: pre-wrap;\"> Elles sont inform&eacute;es d&egrave;s le d&eacute;but de l&rsquo;entretien t&eacute;l&eacute;phonique et doivent accepter les conditions.</span></span>","gauge":null,"list":[]},"created_at":"2025-10-16T16:27:55.789Z","id":84},{"pia_id":3,"reference_to":222,"data":{"text":"<span id=\"docs-internal-guid-72c749d9-7fff-7b21-138f-ac1a20dfae45\"><span style=\"font-size: 11pt; font-family: Arial, sans-serif; font-variant-numeric: normal; font-variant-east-asian: normal; vertical-align: baseline; white-space: pre-wrap;\"> Le consentement est express&eacute;ment demand&eacute; avant l&rsquo;enregistrement de l&rsquo;entretien.</span></span>","gauge":null,"list":[]},"created_at":"2025-10-16T16:27:59.700Z","id":85},{"pia_id":3,"reference_to":223,"data":{"text":"<span id=\"docs-internal-guid-3945841a-7fff-8b91-7f11-5205c43fa0ca\"><span style=\"font-size: 11pt; font-family: Arial, sans-serif; font-variant-numeric: normal; font-variant-east-asian: normal; vertical-align: baseline; white-space: pre-wrap;\">Elles peuvent demander les donn&eacute;es collect&eacute;es dans diff&eacute;rents formats (CSV, XML, etc.).</span></span>","gauge":null,"list":[]},"created_at":"2025-10-16T16:28:04.048Z","id":86},{"pia_id":3,"reference_to":224,"data":{"text":"<span id=\"docs-internal-guid-af14cebf-7fff-99e9-625d-869f7d6764c7\"><span style=\"font-size: 11pt; font-family: Arial, sans-serif; font-variant-numeric: normal; font-variant-east-asian: normal; vertical-align: baseline; white-space: pre-wrap;\"> Ces droits peuvent &ecirc;tre exerc&eacute;s par simple demande aupr&egrave;s de CentreCall.</span></span>","gauge":null,"list":[]},"created_at":"2025-10-16T16:28:08.250Z","id":87},{"pia_id":3,"reference_to":225,"data":{"text":"<span id=\"docs-internal-guid-0e7e4dd2-7fff-ab9a-9076-73fd90e45fb0\"><span style=\"font-size: 11pt; font-family: Arial, sans-serif; font-variant-numeric: normal; font-variant-east-asian: normal; vertical-align: baseline; white-space: pre-wrap;\"> Les personnes peuvent limiter ou s&rsquo;opposer au traitement par simple demande.</span></span>","gauge":null,"list":[]},"created_at":"2025-10-16T16:28:11.854Z","id":88},{"pia_id":3,"reference_to":226,"data":{"text":"<span id=\"docs-internal-guid-bd70c6ba-7fff-b8f9-fcae-c998714c5ff1\"><span style=\"font-size: 11pt; font-family: Arial, sans-serif; font-variant-numeric: normal; font-variant-east-asian: normal; vertical-align: baseline; white-space: pre-wrap;\"> Il n&rsquo;y a aucun sous-traitant impliqu&eacute;, donc cette question ne s&rsquo;applique pas.</span></span>","gauge":null,"list":[]},"created_at":"2025-10-16T16:28:15.424Z","id":89},{"pia_id":3,"reference_to":227,"data":{"text":"<span id=\"docs-internal-guid-1ddc5d74-7fff-c7a2-0ae9-73f15dbf6d2e\"><span style=\"font-size: 11pt; font-family: Arial, sans-serif; font-variant-numeric: normal; font-variant-east-asian: normal; vertical-align: baseline; white-space: pre-wrap;\"> Aucun transfert de donn&eacute;es en dehors de l&rsquo;Union europ&eacute;enne n&rsquo;est effectu&eacute;.</span></span>","gauge":null,"list":[]},"created_at":"2025-10-16T16:28:18.266Z","id":90},{"pia_id":3,"reference_to":321,"data":{"text":null,"gauge":null,"list":["atteinte a la vie privée","vol d'information personnelles"]},"created_at":"2025-10-16T16:33:15.958Z","id":91,"updated_at":"2025-10-16T16:33:40.371Z"},{"pia_id":3,"reference_to":322,"data":{"text":null,"gauge":null,"list":["piratage","vol de mdp","intrusion dans le serveur"]},"created_at":"2025-10-16T16:33:46.914Z","id":92,"updated_at":"2025-10-16T16:33:58.279Z"},{"pia_id":3,"reference_to":323,"data":{"text":null,"gauge":null,"list":["employés malveillants","hackers externes","erreurs de configuration"]},"created_at":"2025-10-16T16:34:10.443Z","id":93,"updated_at":"2025-10-16T16:34:20.119Z"},{"pia_id":3,"reference_to":324,"data":{"text":null,"gauge":null,"list":["Journalisation"]},"created_at":"2025-10-16T16:43:37.554Z","id":94},{"pia_id":3,"reference_to":325,"data":{"text":"car les donn&eacute;es concernent des informations personnelles.","gauge":3,"list":[]},"created_at":"2025-10-16T16:43:43.839Z","id":95,"updated_at":"2025-10-16T16:43:55.433Z"},{"pia_id":3,"reference_to":326,"data":{"text":"r&acirc;ce aux mesures de chiffrement et de contr&ocirc;le d&rsquo;acc&egrave;s mises en place.","gauge":2,"list":[]},"created_at":"2025-10-16T16:44:00.658Z","id":96,"updated_at":"2025-10-16T16:44:06.778Z"},{"pia_id":3,"reference_to":331,"data":{"text":null,"gauge":null,"list":["données faussées","erreurs études de marché","atteinte a la reputation"]},"created_at":"2025-10-16T16:44:18.686Z","id":97,"updated_at":"2025-10-16T16:44:33.474Z"},{"pia_id":3,"reference_to":332,"data":{"text":null,"gauge":null,"list":["malware","erreur humaine","modification volontaire d'un employé"]},"created_at":"2025-10-16T16:44:43.462Z","id":98,"updated_at":"2025-10-16T16:44:54.568Z"},{"pia_id":3,"reference_to":333,"data":{"text":null,"gauge":null,"list":["personnel interne","attaque externe sur le serveur"]},"created_at":"2025-10-16T16:45:03.470Z","id":99,"updated_at":"2025-10-16T16:45:10.747Z"},{"pia_id":3,"reference_to":334,"data":{"text":null,"gauge":null,"list":["Journalisation","Archivage"]},"created_at":"2025-10-16T16:45:19.719Z","id":100,"updated_at":"2025-10-16T16:45:25.332Z"},{"pia_id":3,"reference_to":335,"data":{"text":"car les impacts restent limit&eacute;s mais peuvent nuire &agrave; la fiabilit&eacute; des r&eacute;sultats.","gauge":2,"list":[]},"created_at":"2025-10-16T16:45:32.302Z","id":101,"updated_at":"2025-10-16T16:45:40.215Z"},{"pia_id":3,"reference_to":336,"data":{"text":"malgr&eacute; les journaux d&rsquo;acc&egrave;s et les sauvegardes qui r&eacute;duisent le risque.","gauge":2,"list":[]},"created_at":"2025-10-16T16:45:45.349Z","id":102,"updated_at":"2025-10-16T16:45:45.429Z"},{"pia_id":3,"reference_to":341,"data":{"text":null,"gauge":null,"list":["perte d'information importante","devoir réintérrogé les personnes","atteinte a la confiance des clients"]},"created_at":"2025-10-16T16:46:07.256Z","id":103,"updated_at":"2025-10-16T16:46:33.637Z"},{"pia_id":3,"reference_to":342,"data":{"text":null,"gauge":null,"list":["panne matérielle","suppression accidentelle","attaque par ransomware"]},"created_at":"2025-10-16T16:46:41.066Z","id":104,"updated_at":"2025-10-16T16:46:54.182Z"},{"pia_id":3,"reference_to":343,"data":{"text":null,"gauge":null,"list":["défaillance du serveur","erreur humaine","cyberattaque"]},"created_at":"2025-10-16T16:47:05.906Z","id":105,"updated_at":"2025-10-16T16:47:12.151Z"},{"pia_id":3,"reference_to":344,"data":{"text":null,"gauge":null,"list":["Archivage","Chiffrement"]},"created_at":"2025-10-16T16:47:19.186Z","id":106,"updated_at":"2025-10-16T16:47:23.491Z"},{"pia_id":3,"reference_to":345,"data":{"text":"risque important d eperte de donn&eacute;es","gauge":3,"list":[]},"created_at":"2025-10-16T16:47:26.487Z","id":107,"updated_at":"2025-10-16T16:47:44.122Z"},{"pia_id":3,"reference_to":346,"data":{"text":"car la redondance et les sauvegardes limitent le risque.","gauge":2,"list":[]},"created_at":"2025-10-16T16:47:50.735Z","id":108,"updated_at":"2025-10-16T16:47:50.815Z"}],"measures":[{"pia_id":3,"title":"Chiffrement","content":"Le protocole SSL est utilis&eacute; pour le transfert des donn&eacute;es entre l'ordinateur de l'op&eacute;rateur et le serveur de bases de donn&eacute;es.&nbsp;","placeholder":"knowledge_base.slugs.PIA_TEC_CHIF.placeholder","id":29,"updated_at":"2025-10-16T16:30:21.737Z"},{"pia_id":3,"title":"Archivage","content":"&nbsp;L'ensemble des identifiants r&eacute;seaux sont enregistr&eacute;s dans un fichier journal (log) lors d'une demande d'acc&egrave;s aux serveurs de bases de donn&eacute;es.","placeholder":"knowledge_base.slugs.PIA_TEC_ARCH.placeholder","id":30,"updated_at":"2025-10-16T16:30:28.397Z"},{"pia_id":3,"title":"Journalisation","content":"Les donn&eacute;es collect&eacute;es lors des entretiens sont sauvegard&eacute;es dans plusieurs serveurs de bases de donn&eacute;es redondants avec un enregistrement sur un support externe tous les mois.","placeholder":"knowledge_base.slugs.PIA_TEC_LOG.placeholder","id":31,"updated_at":"2025-10-16T16:30:33.690Z"}],"evaluations":[{"status":3,"global_status":2,"pia_id":3,"reference_to":"2.1.211","created_at":"2025-10-16T16:28:24.047Z","id":48,"gauges":{"x":0,"y":0},"updated_at":"2025-10-16T17:00:39.640Z","evaluation_comment":"/"},{"status":3,"global_status":2,"pia_id":3,"reference_to":"2.1.212","created_at":"2025-10-16T16:28:24.048Z","id":49,"gauges":{"x":0,"y":0},"updated_at":"2025-10-16T17:00:39.641Z","evaluation_comment":"/"},{"status":3,"global_status":2,"pia_id":3,"reference_to":"2.1.213","created_at":"2025-10-16T16:28:24.048Z","id":50,"gauges":{"x":0,"y":0},"updated_at":"2025-10-16T17:00:39.641Z","evaluation_comment":"/"},{"status":3,"global_status":2,"pia_id":3,"reference_to":"2.1.214","created_at":"2025-10-16T16:28:24.049Z","id":51,"gauges":{"x":0,"y":0},"updated_at":"2025-10-16T17:00:39.642Z","evaluation_comment":"/"},{"status":3,"global_status":2,"pia_id":3,"reference_to":"2.1.215","created_at":"2025-10-16T16:28:24.049Z","id":52,"gauges":{"x":0,"y":0},"updated_at":"2025-10-16T17:00:39.642Z","evaluation_comment":"/"},{"status":3,"global_status":2,"pia_id":3,"reference_to":"2.2.221","created_at":"2025-10-16T16:28:28.117Z","id":53,"gauges":{"x":0,"y":0},"updated_at":"2025-10-16T17:01:06.524Z","evaluation_comment":"/"},{"status":3,"global_status":2,"pia_id":3,"reference_to":"2.2.222","created_at":"2025-10-16T16:28:28.117Z","id":54,"gauges":{"x":0,"y":0},"updated_at":"2025-10-16T17:01:06.525Z","evaluation_comment":"/"},{"status":3,"global_status":2,"pia_id":3,"reference_to":"2.2.223","created_at":"2025-10-16T16:28:28.118Z","id":55,"gauges":{"x":0,"y":0},"updated_at":"2025-10-16T17:01:06.525Z","evaluation_comment":"/"},{"status":3,"global_status":2,"pia_id":3,"reference_to":"2.2.224","created_at":"2025-10-16T16:28:28.118Z","id":56,"gauges":{"x":0,"y":0},"updated_at":"2025-10-16T17:01:06.526Z","evaluation_comment":"/"},{"status":3,"global_status":2,"pia_id":3,"reference_to":"2.2.225","created_at":"2025-10-16T16:28:28.119Z","id":57,"gauges":{"x":0,"y":0},"updated_at":"2025-10-16T17:01:06.526Z","evaluation_comment":"/"},{"status":3,"global_status":2,"pia_id":3,"reference_to":"2.2.226","created_at":"2025-10-16T16:28:28.120Z","id":58,"gauges":{"x":0,"y":0},"updated_at":"2025-10-16T17:01:06.527Z","evaluation_comment":"/"},{"status":3,"global_status":2,"pia_id":3,"reference_to":"2.2.227","created_at":"2025-10-16T16:28:28.120Z","id":59,"gauges":{"x":0,"y":0},"updated_at":"2025-10-16T17:01:06.527Z","evaluation_comment":"/"},{"status":3,"global_status":2,"pia_id":3,"reference_to":"1.1","created_at":"2025-10-16T16:28:31.846Z","id":60,"gauges":{"x":0,"y":0},"updated_at":"2025-10-16T16:59:58.059Z","evaluation_comment":"/"},{"status":3,"global_status":2,"pia_id":3,"reference_to":"1.2","created_at":"2025-10-16T16:28:34.883Z","id":61,"gauges":{"x":0,"y":0},"updated_at":"2025-10-16T17:00:11.306Z","evaluation_comment":"/"},{"status":3,"global_status":2,"pia_id":3,"reference_to":"3.1.29","created_at":"2025-10-16T16:30:34.755Z","id":62,"gauges":{"x":0,"y":0},"updated_at":"2025-10-16T16:51:56.515Z","evaluation_comment":"Le protocole <strong data-start=\"195\" data-end=\"202\">SSL</strong> assure la confidentialit&eacute; des donn&eacute;es pendant leur transfert entre les postes et le serveur, limitant le risque d&rsquo;interception."},{"status":3,"global_status":2,"pia_id":3,"reference_to":"3.1.30","created_at":"2025-10-16T16:30:34.756Z","id":63,"gauges":{"x":0,"y":0},"updated_at":"2025-10-16T16:51:56.516Z","evaluation_comment":"Les donn&eacute;es sont stock&eacute;es sur plusieurs serveurs et &eacute;galement sauvegard&eacute;es sur un <strong data-start=\"680\" data-end=\"713\">support externe tous les mois</strong>, ce qui garantit une bonne r&eacute;silience face aux pertes ou pannes."},{"status":2,"global_status":2,"pia_id":3,"reference_to":"3.1.31","created_at":"2025-10-16T16:30:34.756Z","id":64,"gauges":{"x":0,"y":0},"updated_at":"2025-10-16T16:51:56.516Z","evaluation_comment":"Le document indique que les identifiants r&eacute;seau sont enregistr&eacute;s, mais ne pr&eacute;cise pas la <strong data-start=\"1155\" data-end=\"1180\">dur&eacute;e de conservation</strong>, la <strong data-start=\"1185\" data-end=\"1201\">s&eacute;curisation</strong> ou la <strong data-start=\"1208\" data-end=\"1224\">surveillance</strong> des journaux.","action_plan_comment":"<p data-start=\"1273\" data-end=\"1313\">Restreindre l&rsquo;acc&egrave;s aux fichiers logs.D&eacute;finir une&nbsp;<strong data-start=\"1330\" data-end=\"1367\">politique de conservation limit&eacute;e</strong>&nbsp;(ex. 6 mois).Mettre en place une&nbsp;<strong data-start=\"1408\" data-end=\"1430\">alerte automatique</strong>&nbsp;en cas d&rsquo;acc&egrave;s suspect.</p>"},{"status":3,"global_status":2,"pia_id":3,"reference_to":"3.2","created_at":"2025-10-16T16:47:55.478Z","id":65,"gauges":{"x":0,"y":0},"updated_at":"2025-10-16T16:49:39.381Z","evaluation_comment":"&nbsp;Le <strong data-start=\"254\" data-end=\"271\">protocole SSL</strong> prot&egrave;ge efficacement les transferts de donn&eacute;es et la <strong data-start=\"325\" data-end=\"343\">journalisation</strong> permet de tracer les connexions. Les risques d&rsquo;intrusion sont donc r&eacute;duits."},{"status":2,"global_status":2,"pia_id":3,"reference_to":"3.3","created_at":"2025-10-16T16:48:03.765Z","id":66,"gauges":{"x":2,"y":1},"updated_at":"2025-10-16T16:50:11.880Z","evaluation_comment":"Aucune mesure ne garantit que seules les personnes autoris&eacute;es puissent modifier les donn&eacute;es, ni de contr&ocirc;le d&rsquo;int&eacute;grit&eacute; automatique.","action_plan_comment":"<p data-start=\"829\" data-end=\"901\">Mettre en place un <strong data-start=\"848\" data-end=\"882\">contr&ocirc;le des droits d&rsquo;&eacute;criture</strong> selon les r&ocirc;les.Ajouter un <strong data-start=\"917\" data-end=\"956\">syst&egrave;me de v&eacute;rification d&rsquo;int&eacute;grit&eacute;</strong> (hash, versionning ou alerte en cas de modification non pr&eacute;vue).</p>"},{"status":3,"global_status":2,"pia_id":3,"reference_to":"3.4","created_at":"2025-10-16T16:49:06.401Z","id":67,"gauges":{"x":0,"y":0},"updated_at":"2025-10-16T16:50:23.674Z","evaluation_comment":"Les <strong data-start=\"1117\" data-end=\"1142\">sauvegardes multiples</strong> sur plusieurs serveurs et l&rsquo;<strong data-start=\"1171\" data-end=\"1195\">archivage bimestriel</strong> assurent une bonne protection contre la perte totale."}],"comments":[]}